<?xml version="1.0" encoding="UTF-8"?>
<project-private xmlns="http://www.netbeans.org/ns/project-private/1">
    <editor-bookmarks xmlns="http://www.netbeans.org/ns/editor-bookmarks/2" lastBookmarkId="0"/>
    <open-files xmlns="http://www.netbeans.org/ns/projectui-open-files/2">
        <group>
            <file>file:/C:/Users/omgan/OneDrive/Documents/NetBeansProjects/REGAL_CLASS_APPLICATION/src/regal_class_application/ENQUIRY.java</file>
            <file>file:/C:/Users/omgan/OneDrive/Documents/NetBeansProjects/REGAL_CLASS_APPLICATION/src/regal_class_application/newENQUIRY.java</file>
            <file>file:/C:/Users/omgan/OneDrive/Documents/NetBeansProjects/REGAL_CLASS_APPLICATION/src/regal_class_application/oldENQUIRY.java</file>
            <file>file:/C:/Users/omgan/OneDrive/Documents/NetBeansProjects/REGAL_CLASS_APPLICATION/src/regal_class_application/practice.java</file>
            <file>file:/C:/Users/omgan/OneDrive/Documents/NetBeansProjects/REGAL_CLASS_APPLICATION/src/regal_class_application/Main_Frame.java</file>
            <file>file:/C:/Users/omgan/OneDrive/Documents/NetBeansProjects/REGAL_CLASS_APPLICATION/src/regal_class_application/ADMIN.java</file>
        </group>
    </open-files>
</project-private>
